{
  "Logistic Regression": {
    "balanced_accuracy": 0.38888888888888884,
    "roc_auc": 0.3333333333333333,
    "f1": 0.2222222222222222,
    "log_loss": 1.851350235711008
  },
  "Gradient Boosting": {
    "balanced_accuracy": 0.5,
    "roc_auc": 0.5925925925925926,
    "f1": 0.2857142857142857,
    "log_loss": 1.3857744298589934
  }
}